1,Fiole Agrumes,Agrumes,fiole_agrumes.png,15,0,5,0
2,Fiole Aloe vera,Aloe vera,fiole_aloe_vera.png,15,0,5,0
3,Fiole Ambre,Ambre,fiole_ambre.png,15,0,5,0
4,Fiole Banane,Banane,fiole_banane.png,15,0,5,0
5,Fiole Brioche au beurre,Brioche au beurre,fiole_brioche_au_beurre.png,15,0,5,0
6,Fiole Café,Café,fiole_cafe.png,15,0,5,0
7,Fiole Caramel beurre salé,Caramel beurre salé,fiole_caramal_beurre__sale.png,15,0,5,0
8,Fiole Cerise noire explosive,Cerise noire explosive,fiole_cerise_noire_explosive.png,15,0,5,0
9,Fiole Cola,Cola,fiole_cola.png,15,0,5,0
10,Fiole Creme de soin,Creme de soin,fiole_creme_de_soin.png,15,0,5,0
11,Fiole Edelweiss,Edelweiss,fiole_edelweiss.png,15,0,5,0
12,Fiole Eucalyptus,Eucalyptus,fiole_eucalyptus.png,15,0,5,0
13,Fiole Fleur de coton,Fleur de coton,fiole_fleur_de_coton.png,15,0,5,0
14,Fiole Fraise des bois,Fraise des bois,fiole_fraise_des_bois.png,15,0,5,0
15,Fiole Framboise,Framboise,fiole_framboise.png,15,0,5,0
16,Fiole Fruit rouges,Fruits rouges,fioles_fruits_rouges.png,15,0,5,0
17,Fiole Guimauve,Guimauve,fiole_guimauve.png,15,0,5,0
18,Fiole Lavande,Lavande,fiole_lavande.png,15,0,5,0
19,Fiole Licorne,Licorne,fiole_licorne.png,15,0,5,0
20,Fiole Madeleine,Madeleine,fiole_madeleine.png,15,0,5,0
21,Fiole Mandarine,Mandarine,fiole_mandarine.png,15,0,5,0
22,Fiole Mimosa,Mimosa,fiole_mimosa.png,15,0,5,0
23,Fiole Noix de coco,Noix de coco,fiole_noix_de_coco.png,15,0,5,0
24,Fiole Patchouli,Patchouli,fiole_patchouli.png,15,0,5,0
25,Fiole Pivoine,Pivoine,fiole_pivoine.png,15,0,5,0
26,Fiole Poire,Poire,fiole_poire.png,15,0,5,0
27,Fiole Rose,Rose,fiole_rose.png,15,0,5,0
28,Fiole The noir  vanille,The noir vanille,fiole_the_noir_vanille.png,15,0,5,0
29,Fiole Vanille,Vanille,fiole_vanille.png,15,0,5,0
30,Fiole Violette,Violette,fiole_violette.png,15,0,5,0
